product_name,review,rating,language
Baby Stroller Pro,Easy to fold and store,5,EN
Baby Stroller Pro,Perfect for travel,5,EN
Baby Stroller Pro,Poor build quality,2,EN
Baby Stroller Pro,Comfortable for babies,5,EN
Baby Stroller Pro,Not durable for rough roads,3,EN
Baby Stroller Pro,Easy to fold and store,4,EN
Baby Stroller Pro,Perfect for travel,5,EN
Baby Stroller Pro,Very lightweight and easy to carry,4,EN
Baby Stroller Pro,Easy to fold and store,4,EN
Baby Stroller Pro,Easy to fold and store,5,EN
Baby Stroller Pro,Very useful for daily use,5,EN
Baby Stroller Pro,Great quality for price,4,EN
Baby Stroller Pro,Easy to fold and store,5,EN
Baby Stroller Pro,Great quality for price,4,EN
Baby Stroller Pro,Not durable for rough roads,3,EN
Baby Stroller Pro,Easy to fold and store,5,EN
Baby Stroller Pro,Easy to fold and store,5,EN
Baby Stroller Pro,Perfect for travel,4,EN
Baby Stroller Pro,Poor build quality,1,EN
Baby Stroller Pro,Very useful for daily use,4,EN
Baby Stroller Pro,Smooth wheels and easy handling,5,EN
Baby Stroller Pro,Very lightweight and easy to carry,5,EN
Baby Stroller Pro,Very lightweight and easy to carry,5,EN
Baby Stroller Pro,Easy to fold and store,4,EN
Baby Stroller Pro,Great quality for price,5,EN
Baby Stroller Pro,Easy to fold and store,4,EN
Baby Stroller Pro,Wheels broke after two months,3,EN
Baby Stroller Pro,Very useful for daily use,5,EN
Baby Stroller Pro,Smooth wheels and easy handling,5,EN
Baby Stroller Pro,Wheels broke after two months,1,EN
Baby Stroller Pro,Very lightweight and easy to carry,4,EN
Baby Stroller Pro,Very lightweight and easy to carry,5,EN
Baby Stroller Pro,Great quality for price,4,EN
Baby Stroller Pro,Comfortable for babies,5,EN
Baby Stroller Pro,Not durable for rough roads,3,EN
Baby Stroller Pro,Easy to fold and store,5,EN
Baby Stroller Pro,Perfect for travel,5,EN
Baby Stroller Pro,Very useful for daily use,4,EN
Baby Stroller Pro,Too expensive,1,EN
Baby Stroller Pro,Comfortable for babies,5,EN
Baby Stroller Pro,Poor build quality,2,EN
Baby Stroller Pro,Wheels broke after two months,1,EN
Baby Stroller Pro,Perfect for travel,5,EN
Baby Stroller Pro,Plastic feels cheap,2,EN
Baby Stroller Pro,Great quality for price,5,EN
Baby Stroller Pro,Comfortable for babies,5,EN
Baby Stroller Pro,Not durable for rough roads,2,EN
Baby Stroller Pro,Comfortable for babies,4,EN
Baby Stroller Pro,Wheels broke after two months,3,EN
Baby Stroller Pro,Poor build quality,1,EN
Baby Stroller Pro,Brake stopped working,2,EN
Baby Stroller Pro,Brake stopped working,2,EN
Baby Stroller Pro,Very useful for daily use,5,EN
Baby Stroller Pro,Comfortable for babies,5,EN
Baby Stroller Pro,Great quality for price,5,EN
Baby Stroller Pro,Poor build quality,1,EN
Baby Stroller Pro,Easy to fold and store,5,EN
Baby Stroller Pro,Too expensive,2,EN
Baby Stroller Pro,Wheels broke after two months,2,EN
Baby Stroller Pro,Too expensive,3,EN
Baby Stroller Pro,Easy to fold and store,5,EN
Baby Stroller Pro,Comfortable for babies,5,EN
Baby Stroller Pro,Great quality for price,5,EN
Baby Stroller Pro,Comfortable for babies,4,EN
Baby Stroller Pro,Plastic feels cheap,1,EN
Baby Stroller Pro,Poor build quality,1,EN
Baby Stroller Pro,Easy to fold and store,4,EN
Baby Stroller Pro,Comfortable for babies,5,EN
Baby Stroller Pro,Easy to fold and store,4,EN
Baby Stroller Pro,Very lightweight and easy to carry,4,EN
Baby Stroller Pro,Not durable for rough roads,3,EN
Baby Stroller Pro,Perfect for travel,4,EN
Baby Stroller Pro,Wheels broke after two months,2,EN
Baby Stroller Pro,Easy to fold and store,5,EN
Baby Stroller Pro,Very lightweight and easy to carry,4,EN
Baby Stroller Pro,Too expensive,1,EN
Baby Stroller Pro,Smooth wheels and easy handling,4,EN
Baby Stroller Pro,Smooth wheels and easy handling,4,EN
Baby Stroller Pro,Very useful for daily use,5,EN
Baby Stroller Pro,Very lightweight and easy to carry,4,EN
Baby Stroller Pro,Great quality for price,4,EN
Baby Stroller Pro,Perfect for travel,4,EN
Baby Stroller Pro,Wheels broke after two months,2,EN
Baby Stroller Pro,Easy to fold and store,4,EN
Baby Stroller Pro,Wheels broke after two months,2,EN
Baby Stroller Pro,Easy to fold and store,4,EN
Baby Stroller Pro,Not durable for rough roads,2,EN
Baby Stroller Pro,Very useful for daily use,4,EN
Baby Stroller Pro,Perfect for travel,4,EN
Baby Stroller Pro,Smooth wheels and easy handling,5,EN
Baby Stroller Pro,Brake stopped working,2,EN
Baby Stroller Pro,Plastic feels cheap,1,EN
Baby Stroller Pro,Brake stopped working,3,EN
Baby Stroller Pro,Comfortable for babies,5,EN
Baby Stroller Pro,Perfect for travel,4,EN
Baby Stroller Pro,Comfortable for babies,5,EN
Baby Stroller Pro,Very useful for daily use,5,EN
Baby Stroller Pro,Perfect for travel,4,EN
Baby Stroller Pro,Great quality for price,5,EN
Baby Stroller Pro,Wheels broke after two months,2,EN
Baby Stroller Pro,Plastic feels cheap,2,EN
Baby Stroller Pro,Perfect for travel,5,EN
Baby Stroller Pro,Comfortable for babies,4,EN
Baby Stroller Pro,Brake stopped working,1,EN
Baby Stroller Pro,Smooth wheels and easy handling,5,EN
Baby Stroller Pro,Very useful for daily use,5,EN
Baby Stroller Pro,Very useful for daily use,5,EN
Baby Stroller Pro,Very lightweight and easy to carry,5,EN
Baby Stroller Pro,Too expensive,3,EN
Baby Stroller Pro,Brake stopped working,2,EN
Baby Stroller Pro,Smooth wheels and easy handling,5,EN
Baby Stroller Pro,Smooth wheels and easy handling,5,EN
Baby Stroller Pro,Comfortable for babies,5,EN
Baby Stroller Pro,Great quality for price,4,EN
Baby Stroller Pro,Very useful for daily use,4,EN
Baby Stroller Pro,Very lightweight and easy to carry,4,EN
Baby Stroller Pro,Very lightweight and easy to carry,5,EN
Baby Stroller Pro,Easy to fold and store,5,EN
Baby Stroller Pro,Perfect for travel,4,EN
Baby Stroller Pro,Easy to fold and store,5,EN
Baby Stroller Pro,Brake stopped working,1,EN
Baby Stroller Pro,Comfortable for babies,4,EN
Baby Stroller Pro,Very useful for daily use,4,EN
Baby Stroller Pro,Too expensive,3,EN
Baby Stroller Pro,Very lightweight and easy to carry,4,EN
Baby Stroller Pro,Too expensive,2,EN
Baby Stroller Pro,Very useful for daily use,5,EN
Baby Stroller Pro,Comfortable for babies,5,EN
Baby Stroller Pro,Too expensive,3,EN
Baby Stroller Pro,Comfortable for babies,4,EN
Baby Stroller Pro,Wheels broke after two months,2,EN
Baby Stroller Pro,Plastic feels cheap,3,EN
Baby Stroller Pro,Easy to fold and store,4,EN
Baby Stroller Pro,Very useful for daily use,4,EN
Baby Stroller Pro,Comfortable for babies,5,EN
Baby Stroller Pro,Great quality for price,5,EN
Baby Stroller Pro,Very lightweight and easy to carry,4,EN
Baby Stroller Pro,Too expensive,1,EN
Baby Stroller Pro,Poor build quality,2,EN
Baby Stroller Pro,Perfect for travel,4,EN
Baby Stroller Pro,Great quality for price,5,EN
Baby Stroller Pro,Perfect for travel,5,EN
Baby Stroller Pro,Comfortable for babies,4,EN
Baby Stroller Pro,Perfect for travel,5,EN
Baby Stroller Pro,Comfortable for babies,5,EN
Baby Stroller Pro,Great quality for price,5,EN
Baby Stroller Pro,Very lightweight and easy to carry,5,EN
Baby Stroller Pro,Wheels broke after two months,3,EN
Baby Stroller Pro,Very useful for daily use,5,EN
Baby Stroller Pro,Very lightweight and easy to carry,5,EN
Baby Stroller Pro,مريحة جدًا للأطفال,2,AR
Baby Stroller Pro,مريحة جدًا للأطفال,2,AR
Baby Stroller Pro,مريحة جدًا للأطفال,2,AR
Baby Stroller Pro,جودة ممتازة وسهلة التنظيف,5,AR
Baby Stroller Pro,مريحة جدًا للأطفال,3,AR
Baby Stroller Pro,جودة ممتازة وسهلة التنظيف,4,AR
Baby Stroller Pro,غير مناسبة للطرق الوعرة,2,AR
Baby Stroller Pro,العربة خفيفة جدًا وسهلة الاستخدام,4,AR
Baby Stroller Pro,العجلات تعطلت بسرعة,3,AR
Baby Stroller Pro,العجلات تعطلت بسرعة,5,AR
Baby Stroller Pro,مريحة جدًا للأطفال,3,AR
Baby Stroller Pro,مريحة جدًا للأطفال,3,AR
Baby Stroller Pro,جودة ممتازة وسهلة التنظيف,4,AR
Baby Stroller Pro,مريحة جدًا للأطفال,3,AR
Baby Stroller Pro,العجلات تعطلت بسرعة,2,AR
Baby Stroller Pro,العجلات تعطلت بسرعة,5,AR
Baby Stroller Pro,غير مناسبة للطرق الوعرة,4,AR
Baby Stroller Pro,العربة خفيفة جدًا وسهلة الاستخدام,3,AR
Baby Stroller Pro,العربة خفيفة جدًا وسهلة الاستخدام,3,AR
Baby Stroller Pro,جودة ممتازة وسهلة التنظيف,3,AR
Baby Stroller Pro,مريحة جدًا للأطفال,2,AR
Baby Stroller Pro,العربة خفيفة جدًا وسهلة الاستخدام,4,AR
Baby Stroller Pro,العجلات تعطلت بسرعة,5,AR
Baby Stroller Pro,جودة ممتازة وسهلة التنظيف,2,AR
Baby Stroller Pro,غير مناسبة للطرق الوعرة,2,AR
Baby Stroller Pro,العجلات تعطلت بسرعة,5,AR
Baby Stroller Pro,العربة خفيفة جدًا وسهلة الاستخدام,3,AR
Baby Stroller Pro,مريحة جدًا للأطفال,5,AR
Baby Stroller Pro,العربة خفيفة جدًا وسهلة الاستخدام,2,AR
Baby Stroller Pro,العربة خفيفة جدًا وسهلة الاستخدام,2,AR
Baby Stroller Pro,مريحة جدًا للأطفال,4,AR
Baby Stroller Pro,العجلات تعطلت بسرعة,4,AR
Baby Stroller Pro,غير مناسبة للطرق الوعرة,2,AR
Baby Stroller Pro,جودة ممتازة وسهلة التنظيف,4,AR
Baby Stroller Pro,العربة خفيفة جدًا وسهلة الاستخدام,2,AR
Baby Stroller Pro,مريحة جدًا للأطفال,2,AR
Baby Stroller Pro,جودة ممتازة وسهلة التنظيف,5,AR
Baby Stroller Pro,العجلات تعطلت بسرعة,4,AR
Baby Stroller Pro,غير مناسبة للطرق الوعرة,3,AR
Baby Stroller Pro,مريحة جدًا للأطفال,2,AR
Baby Stroller Pro,العجلات تعطلت بسرعة,2,AR
Baby Stroller Pro,جودة ممتازة وسهلة التنظيف,3,AR
Baby Stroller Pro,العربة خفيفة جدًا وسهلة الاستخدام,5,AR
Baby Stroller Pro,العجلات تعطلت بسرعة,4,AR
Baby Stroller Pro,غير مناسبة للطرق الوعرة,4,AR
Baby Stroller Pro,العربة خفيفة جدًا وسهلة الاستخدام,4,AR
Baby Stroller Pro,العجلات تعطلت بسرعة,2,AR
Baby Stroller Pro,جودة ممتازة وسهلة التنظيف,3,AR
Baby Stroller Pro,مريحة جدًا للأطفال,5,AR
Baby Stroller Pro,جودة ممتازة وسهلة التنظيف,3,AR
